country_code,year,SE.PRM.ENRR,SP.DYN.LE00.IN,SP.POP.TOTL,WHOSIS_000001,WHOSIS_000015,refugees,asylum_seekers,idps,returned_refugees,returned_idps
BDI,1960,,43.262,2764258.0,,,,,,,
BDI,1961,,43.364,2835119.0,,,,,,,
BDI,1962,,43.492,2907943.0,,,,,,,
BDI,1963,,43.559,2969841.0,,,,,,,
BDI,1964,,43.601,3055650.0,,,,,,,
BDI,1965,,41.844,3141367.0,,,,,,,
BDI,1966,,43.529,3217960.0,,,,,,,
BDI,1967,,43.332,3300690.0,,,,,,,
BDI,1968,,43.405,3380387.0,,,,,,,
BDI,1969,,43.0,3454590.0,,,,,,,
BDI,1970,,43.225,3530432.0,,,,,,,
BDI,1971,27.9025402069092,43.172,3617289.0,,,,,,,
BDI,1972,26.9655704498291,25.777,3617128.0,,,,,,,
BDI,1973,23.574239730835,37.409,3611991.0,,,,,,,
BDI,1974,21.3160305023193,43.337,3703590.0,,,,,,,
BDI,1975,21.1686401367188,43.445,3796612.0,,,,,,,
BDI,1976,20.6418209075928,43.691,3882626.0,,,,,,,
BDI,1977,20.3434906005859,43.97,3983582.0,,,,,,,
BDI,1978,21.4320201873779,44.404,4100338.0,,,,,,,
BDI,1979,21.4108791351318,45.038,4203530.0,,,,,,,
BDI,1980,22.8950290679932,45.731,4383706.0,,,,,,,
BDI,1981,24.6633701324463,46.412,4566014.0,,,,,,,
BDI,1982,28.4392395019531,47.012,4681390.0,,,,,,,
BDI,1983,34.8564987182617,47.433,4808528.0,,,,,,,
BDI,1984,39.5757598876953,47.687,4926465.0,,,,,,,
BDI,1985,43.895881652832,47.662,5034042.0,,,,,,,
BDI,1986,47.9880790710449,47.402,5129414.0,,,,,,,
BDI,1987,54.0130386352539,47.066,5247787.0,,,,,,,
BDI,1988,61.1612205505371,42.889,5365327.0,,,,,,,
BDI,1989,62.2563705444336,45.745,5471706.0,,,,,,,
BDI,1990,62.5858917236328,45.184,5587052.0,,,,,,,
BDI,1991,63.7648010253906,44.66,5703857.0,,,,,,,
BDI,1992,61.2891883850098,44.469,5858407.0,,,,,,,
BDI,1993,61.1928100585938,37.221,5676843.0,,,,,,,
BDI,1994,,44.515,5713854.0,,,,,,,
BDI,1995,47.974048614502,44.589,6066316.0,,,,,,,
BDI,1996,37.9824905395508,44.807,6070506.0,,,,,,,
BDI,1997,39.9262313842773,45.721,6070042.0,,,,,,,
BDI,1998,48.1120796203613,46.678,6187108.0,,,,,,,
BDI,1999,57.2445907592773,47.627,6337155.0,,,,,,,
BDI,2000,59.2368316650391,47.617,6470194.0,44.3609182,12.73315326,,,,,
BDI,2001,61.9382514953613,48.509,6634365.0,45.560229,13.08253002,,,,,
BDI,2002,68.6379928588867,49.924,6824132.0,46.77202104,13.41108067,,,,,
BDI,2003,74.1769638061523,50.997,7043154.0,47.93043118,13.72780815,,,,,
BDI,2004,79.2554397583008,52.217,7310656.0,49.43158352,14.02370148,,,,,
BDI,2005,84.5035934448242,53.053,7587299.0,50.9090504,14.37773329,,,,,
BDI,2006,107.597122192383,53.962,7865547.0,54.95514765,14.88113753,,,,,
BDI,2007,120.352416992188,54.832,8161874.0,56.45412415,15.30539689,,,,,
BDI,2008,123.768852233887,55.581,8505637.0,57.79081906,15.64230275,,,,,
BDI,2009,131.400833129883,56.422,8947646.0,58.71584557,15.74859616,,,,,
BDI,2010,135.159734772168,57.088,9376444.0,59.59915923,15.87263395,,,,,
BDI,2011,135.992222159155,57.804,9717978.0,60.40539714,15.98435432,,,,,
BDI,2012,131.357142093473,58.501,10071028.0,61.17471181,16.112647,,,,,
BDI,2013,126.110240344608,59.179,10439341.0,61.79608792,16.20306649,,,,,
BDI,2014,121.424109579602,59.764,10799785.0,62.32268744,16.27461997,,,,,
BDI,2015,116.228128078144,60.107,11047580.0,62.7069542,16.40705102,,,,,
BDI,2016,112.482124155559,60.789,11239451.0,63.24117705,16.49007308,,,,,
BDI,2017,107.55418011941,61.345,11506762.0,63.68241574,16.53206794,,,,,
BDI,2018,104.256445289133,61.806,11859446.0,64.02759286,16.53189732,,,,,
BDI,2019,101.506122486696,62.18,12255336.0,64.3185906,16.51349193,,,,,
BDI,2020,101.661087301601,62.569,12617036.0,64.59433751,16.27267192,,,,,
BDI,2021,,62.101,12965481.0,64.00694993,16.04668987,,,,,
BDI,2022,,62.882,13321097.0,,,,,,,
BDI,2023,,63.651,13689450.0,,,319857.0,61035.0,8177.0,26663.0,0.0
BDI,2024,,63.818,14047786.0,,,,,,,
BDI,2025,100.627548217773,,14390003.0,,,,,,,
DJI,1960,,43.421,86024.0,,,,,,,
DJI,1961,,43.781,89390.0,,,,,,,
DJI,1962,,44.092,93283.0,,,,,,,
DJI,1963,,44.442,97872.0,,,,,,,
DJI,1964,,44.812,103198.0,,,,,,,
DJI,1965,,45.234,109092.0,,,,,,,
DJI,1966,,45.62,115269.0,,,,,,,
DJI,1967,,46.103,121649.0,,,,,,,
DJI,1968,,46.552,128250.0,,,,,,,
DJI,1969,,47.067,136078.0,,,,,,,
DJI,1970,,47.536,145175.0,,,,,,,
DJI,1971,,47.259,155136.0,,,,,,,
DJI,1972,,48.532,166256.0,,,,,,,
DJI,1973,,49.097,178449.0,,,,,,,
DJI,1974,,49.52,192613.0,,,,,,,
DJI,1975,,49.923,209908.0,,,,,,,
DJI,1976,,50.335,230737.0,,,,,,,
DJI,1977,,50.755,254613.0,,,,,,,
DJI,1978,,51.172,280031.0,,,,,,,
DJI,1979,,51.597,304513.0,,,,,,,
DJI,1980,,52.046,325815.0,,,,,,,
DJI,1981,,52.355,343047.0,,,,,,,
DJI,1982,,52.893,356880.0,,,,,,,
DJI,1983,,53.334,369553.0,,,,,,,
DJI,1984,,53.745,384053.0,,,,,,,
DJI,1985,,54.075,402687.0,,,,,,,
DJI,1986,,54.494,426341.0,,,,,,,
DJI,1987,,54.832,454399.0,,,,,,,
DJI,1988,,55.133,484523.0,,,,,,,
DJI,1989,,55.369,523355.0,,,,,,,
DJI,1990,,55.469,579538.0,,,,,,,
DJI,1991,,55.194,631092.0,,,,,,,
DJI,1992,,54.375,626010.0,,,,,,,
DJI,1993,,55.734,614245.0,,,,,,,
DJI,1994,,55.592,626710.0,,,,,,,
DJI,1995,,56.234,633074.0,,,,,,,
DJI,1996,,56.33,648348.0,,,,,,,
DJI,1997,,56.207,671817.0,,,,,,,
DJI,1998,,56.426,699352.0,,,,,,,
DJI,1999,,56.564,724218.0,,,,,,,
DJI,2000,,56.734,747318.0,59.51993524,15.96903246,,,,,
DJI,2001,,57.506,771313.0,59.48459433,16.01285702,,,,,
DJI,2002,,57.824,795574.0,59.49469647,16.04719407,,,,,
DJI,2003,,58.041,813519.0,59.65312998,16.1058491,,,,,
DJI,2004,,58.103,826124.0,59.74871021,16.12791485,,,,,
DJI,2005,,58.548,839167.0,60.0931017,16.26041553,,,,,
DJI,2006,,58.962,855764.0,60.21901234,16.33293408,,,,,
DJI,2007,,59.362,874528.0,60.99155224,16.51327403,,,,,
DJI,2008,,59.815,892734.0,61.38655907,16.63698571,,,,,
DJI,2009,,60.351,911527.0,61.71487892,16.71193541,,,,,
DJI,2010,,60.743,930251.0,62.01403181,16.76428505,,,,,
DJI,2011,,61.337,948558.0,62.33627596,16.83710476,,,,,
DJI,2012,,61.719,966747.0,62.75529104,16.93609777,,,,,
DJI,2013,,62.116,984824.0,63.13924805,17.02486882,,,,,
DJI,2014,,62.427,1002717.0,63.51525954,17.11281225,,,,,
DJI,2015,,62.833,1020313.0,63.87735947,17.17086995,,,,,
DJI,2016,,63.335,1037653.0,64.3388502,17.24724264,,,,,
DJI,2017,,63.71,1054841.0,64.73030842,17.30690551,,,,,
DJI,2018,,64.105,1071882.0,65.12011598,17.37626603,,,,,
DJI,2019,,64.381,1088709.0,65.43875202,17.45210462,,,,,
DJI,2020,,64.2,1105188.0,65.26548162,16.78123788,,,,,
DJI,2021,,63.83,1121248.0,64.87227149,16.65787055,,,,,
DJI,2022,,65.54,1137096.0,,,,,,,
DJI,2023,,65.987,1152944.0,,,,,,,
DJI,2024,,66.202,1168722.0,,,,,,,
DJI,2025,,,1184076.0,,,,,,,
ERI,1960,,37.443,972547.0,,,,,,,
ERI,1961,,37.912,995573.0,,,,,,,
ERI,1962,,38.346,1019788.0,,,,,,,
ERI,1963,,38.833,1045092.0,,,,,,,
ERI,1964,,39.184,1071287.0,,,,,,,
ERI,1965,,39.576,1098335.0,,,,,,,
ERI,1966,,37.634,1124957.0,,,,,,,
ERI,1967,,40.151,1152339.0,,,,,,,
ERI,1968,,40.483,1181737.0,,,,,,,
ERI,1969,,40.792,1212005.0,,,,,,,
ERI,1970,,41.162,1243453.0,,,,,,,
ERI,1971,,41.527,1276154.0,,,,,,,
ERI,1972,,40.723,1309235.0,,,,,,,
ERI,1973,,41.131,1342669.0,,,,,,,
ERI,1974,,39.001,1375688.0,,,,,,,
ERI,1975,,39.031,1408210.0,,,,,,,
ERI,1976,,42.587,1443807.0,,,,,,,
ERI,1977,,42.984,1482565.0,,,,,,,
ERI,1978,,43.38,1522378.0,,,,,,,
ERI,1979,,43.78,1563332.0,,,,,,,
ERI,1980,,44.625,1605797.0,,,,,,,
ERI,1981,,44.974,1649939.0,,,,,,,
ERI,1982,,44.891,1695461.0,,,,,,,
ERI,1983,,37.173,1736160.0,,,,,,,
ERI,1984,,37.679,1771730.0,,,,,,,
ERI,1985,,38.586,1807816.0,,,,,,,
ERI,1986,,39.541,1845164.0,,,,,,,
ERI,1987,,47.363,1888669.0,,,,,,,
ERI,1988,,48.094,1938255.0,,,,,,,
ERI,1989,40.9028282165527,47.802,1987017.0,,,,,,,
ERI,1990,36.2437210083008,49.733,2032737.0,,,,,,,
ERI,1991,33.617259979248,50.516,1919571.0,,,,,,,
ERI,1992,64.2883605957031,52.436,1798748.0,,,,,,,
ERI,1993,76.8191680908203,53.189,1856006.0,,,,,,,
ERI,1994,83.0738677978516,54.027,1913915.0,,,,,,,
ERI,1995,86.2234420776367,54.822,2025267.0,,,,,,,
ERI,1996,87.8335723876953,55.498,2128464.0,,,,,,,
ERI,1997,84.1628875732422,56.155,2152135.0,,,,,,,
ERI,1998,,49.997,2180419.0,,,,,,,
ERI,1999,86.28955078125,44.506,2212780.0,,,,,,,
ERI,2000,95.3378219604492,56.285,2247031.0,54.93355711,13.2240678,,,,,
ERI,2001,94.5260620117188,58.359,2312079.0,56.20141934,13.36961137,,,,,
ERI,2002,101.331848144531,58.941,2392978.0,56.7567552,13.47400437,,,,,
ERI,2003,107.540420532227,59.455,2493903.0,57.22781288,13.55400452,,,,,
ERI,2004,106.525672912598,60.063,2598284.0,57.68987112,13.6385638,,,,,
ERI,2005,103.574653625488,60.628,2661215.0,58.13577563,13.73691839,,,,,
ERI,2006,97.0371780395508,61.457,2703502.0,58.75833395,13.84460809,,,,,
ERI,2007,87.2029037475586,61.998,2743222.0,59.29093298,13.9362902,,,,,
ERI,2008,81.1434326171875,62.422,2816327.0,59.61833756,13.97186379,,,,,
ERI,2009,77.9211807250977,63.203,2887885.0,60.06524888,14.03012581,,,,,
ERI,2010,73.636848449707,63.665,2945186.0,60.44258181,14.11934259,,,,,
ERI,2011,79.17431640625,64.231,2998485.0,60.90743675,14.25989444,,,,,
ERI,2012,82.6438980102539,64.697,3036988.0,61.35054403,14.39299684,,,,,
ERI,2013,92.6765518188477,65.005,3074360.0,61.71601531,14.49083448,,,,,
ERI,2014,83.275146484375,65.517,3095173.0,62.18741649,14.63240293,,,,,
ERI,2015,82.3669509887695,65.909,3105546.0,62.5177156,14.7331296,,,,,
ERI,2016,,66.242,3124698.0,62.87736669,14.84804168,,,,,
ERI,2017,78.3494720458984,66.612,3150347.0,63.17091217,14.93174441,,,,,
ERI,2018,78.7916488647461,66.979,3192760.0,63.47224104,15.02046207,,,,,
ERI,2019,,67.306,3240194.0,63.76432633,15.09442182,,,,,
ERI,2020,,66.98,3291271.0,63.82002522,14.71543653,,,,,
ERI,2021,,66.94,3350183.0,63.57308435,14.79115776,,,,,
ERI,2022,89.7312469482422,67.789,3409447.0,,,,,,,
ERI,2023,,68.624,3470390.0,,,,,,,
ERI,2024,,68.893,3535603.0,,,,,,,
ERI,2025,,,3607003.0,,,,,,,
ETH,1960,,39.615,21376693.0,,,,,,,
ETH,1961,,40.198,21906102.0,,,,,,,
ETH,1962,,40.531,22465126.0,,,,,,,
ETH,1963,,40.967,23051637.0,,,,,,,
ETH,1964,,41.261,23666548.0,,,,,,,
ETH,1965,,41.413,24310612.0,,,,,,,
ETH,1966,,39.343,24952689.0,,,,,,,
ETH,1967,,41.941,25620276.0,,,,,,,
ETH,1968,,42.092,26337930.0,,,,,,,
ETH,1969,,42.131,27072571.0,,,,,,,
ETH,1970,,42.115,27829128.0,,,,,,,
ETH,1971,15.2087097167969,42.216,28600106.0,,,,,,,
ETH,1972,15.9780797958374,41.035,29374608.0,,,,,,,
ETH,1973,16.4217891693115,41.103,30166785.0,,,,,,,
ETH,1974,17.8880195617676,39.083,30957273.0,,,,,,,
ETH,1975,19.3024501800537,38.941,31723252.0,,,,,,,
ETH,1976,21.1257495880127,41.32,32534418.0,,,,,,,
ETH,1977,22.2164802551269,41.397,33167272.0,,,,,,,
ETH,1978,21.2648506164551,41.506,33734592.0,,,,,,,
ETH,1979,25.036979675293,42.376,34238652.0,,,,,,,
ETH,1980,32.682430267334,42.815,34428514.0,,,,,,,
ETH,1981,38.4554481506348,43.084,35304012.0,,,,,,,
ETH,1982,40.9910202026367,43.434,36701290.0,,,,,,,
ETH,1983,42.0600204467773,36.319,37740817.0,,,,,,,
ETH,1984,40.6322288513184,36.737,38735722.0,,,,,,,
ETH,1985,38.0028190612793,37.747,39842136.0,,,,,,,
ETH,1986,37.3845710754395,38.371,41037656.0,,,,,,,
ETH,1987,40.3818893432617,45.892,42460039.0,,,,,,,
ETH,1988,41.0290489196777,45.682,44150825.0,,,,,,,
ETH,1989,39.2842597961426,45.644,45879690.0,,,,,,,
ETH,1990,35.6632194519043,45.117,47609755.0,,,,,,,
ETH,1991,32.24951171875,46.657,49717198.0,,,,,,,
ETH,1992,26.0608501434326,47.279,51853747.0,,,,,,,
ETH,1993,22.7072906494141,47.676,53708891.0,,,,,,,
ETH,1994,26.9080104827881,47.926,55611508.0,,,,,,,
ETH,1995,30.682279586792,48.156,57537335.0,,,,,,,
ETH,1996,36.3454704284668,48.697,59467635.0,,,,,,,
ETH,1997,41.0171699523926,49.21,61404539.0,,,,,,,
ETH,1998,49.6886405944824,49.785,63363524.0,,,,,,,
ETH,1999,48.1957511901855,49.486,65374561.0,,,,,,,
ETH,2000,52.2387313842773,50.88,67411494.0,50.78760514,13.44395886,,,,,
ETH,2001,57.1306991577148,51.428,69487762.0,52.82154779,13.83289019,,,,,
ETH,2002,59.6043586730957,52.085,71635517.0,53.81305038,14.16334791,,,,,
ETH,2003,60.7021408081055,52.877,73832663.0,54.78484585,14.43723178,,,,,
ETH,2004,63.5657081604004,53.735,76077206.0,55.83373985,14.72727127,,,,,
ETH,2005,74.5096893310547,54.364,78367470.0,57.02975496,15.09736782,,,,,
ETH,2006,79.2329330444336,55.402,80703490.0,58.32029564,15.47466507,,,,,
ETH,2007,85.4697265625,56.566,83103217.0,59.72840645,15.91759665,,,,,
ETH,2008,91.4530181884766,57.733,85543668.0,61.00289968,16.33355815,,,,,
ETH,2009,90.3419418334961,58.715,88007636.0,62.16370614,16.72198978,,,,,
ETH,2010,88.511037030714,59.709,90538514.0,63.25475143,17.08136836,,,,,
ETH,2011,90.6282577514648,60.595,93149970.0,64.25857509,17.42119482,,,,,
ETH,2012,89.9253221073517,61.443,95798767.0,65.13407348,17.72199839,,,,,
ETH,2013,,62.161,98438751.0,65.91159894,17.96396833,,,,,
ETH,2014,93.1145890062913,62.927,101115610.0,66.55987824,18.13871966,,,,,
ETH,2015,94.0857534729235,63.592,103867135.0,67.10395358,18.2480737,,,,,
ETH,2016,,64.162,106718162.0,67.58767511,18.38308917,,,,,
ETH,2017,101.223991472845,64.766,109666481.0,68.0726745,18.49870892,,,,,
ETH,2018,,65.257,112664152.0,68.47192846,18.59853448,,,,,
ETH,2019,,65.741,115737383.0,68.84848169,18.66844338,,,,,
ETH,2020,112.6701710274,65.969,118917671.0,68.79596101,18.21295713,,,,,
ETH,2021,101.338920969252,65.33,122138588.0,67.83909086,17.83111068,,,,,
ETH,2022,84.6317733971345,66.897,125384287.0,,,,,,,
ETH,2023,83.7319745881618,67.315,128691692.0,,,158344.0,139424.0,2561497.0,6187.0,534293.0
ETH,2024,84.4160102082984,67.603,132059767.0,,,,,,,
ETH,2025,,,135472051.0,,,,,,,
KEN,1960,,48.477,7695307.0,,,,,,,
KEN,1961,,49.33,7987770.0,,,,,,,
KEN,1962,,50.104,8299308.0,,,,,,,
KEN,1963,,50.758,8627971.0,,,,,,,
KEN,1964,,51.323,8973535.0,,,,,,,
KEN,1965,,51.886,9338078.0,,,,,,,
KEN,1966,,52.383,9717816.0,,,,,,,
KEN,1967,,52.796,10111057.0,,,,,,,
KEN,1968,,53.302,10518823.0,,,,,,,
KEN,1969,,53.734,10939695.0,,,,,,,
KEN,1970,60.2659912109375,54.143,11368791.0,,,,,,,
KEN,1971,61.7012405395508,54.543,11788904.0,,,,,,,
KEN,1972,65.2331085205078,55.013,12206060.0,,,,,,,
KEN,1973,67.9078598022461,55.5,12634835.0,,,,,,,
KEN,1974,100.311813354492,56.039,13070078.0,,,,,,,
KEN,1975,102.894416809082,56.62,13511671.0,,,,,,,
KEN,1976,99.1563110351562,57.153,13957623.0,,,,,,,
KEN,1977,98.9096374511719,57.684,14428819.0,,,,,,,
KEN,1978,95.5679321289062,58.234,14934126.0,,,,,,,
KEN,1979,115.58464050293,58.691,15460666.0,,,,,,,
KEN,1980,117.302932739258,59.175,16018459.0,,,,,,,
KEN,1981,115.051246643066,59.562,16601507.0,,,,,,,
KEN,1982,117.921989440918,59.904,17206175.0,,,,,,,
KEN,1983,118.230651855469,60.342,17846374.0,,,,,,,
KEN,1984,114.483093261719,60.611,18514906.0,,,,,,,
KEN,1985,109.841903686523,60.856,19201768.0,,,,,,,
KEN,1986,109.913497924805,60.818,19901646.0,,,,,,,
KEN,1987,109.734260559082,60.721,20616096.0,,,,,,,
KEN,1988,108.00080871582,60.32,21356219.0,,,,,,,
KEN,1989,108.858200073242,59.99,22118434.0,,,,,,,
KEN,1990,105.313667297363,58.334,22892651.0,,,,,,,
KEN,1991,103.02709197998,57.826,23646514.0,,,,,,,
KEN,1992,101.50138092041,57.095,24382460.0,,,,,,,
KEN,1993,100.392936706543,56.668,25117188.0,,,,,,,
KEN,1994,96.3266296386719,56.101,25857130.0,,,,,,,
KEN,1995,93.3242416381836,55.856,26601751.0,,,,,,,
KEN,1996,,55.575,27344211.0,,,,,,,
KEN,1997,,55.478,28101768.0,,,,,,,
KEN,1998,92.9180221557617,55.568,28888057.0,,,,,,,
KEN,1999,90.6962814331055,55.866,29733408.0,,,,,,,
KEN,2000,94.2572402954102,56.084,30642890.0,54.09203911,16.71432994,,,,,
KEN,2001,95.1509170532227,56.501,31619170.0,54.33283599,16.65636736,,,,,
KEN,2002,89.2491912841797,56.759,32629808.0,54.58698847,16.52370232,,,,,
KEN,2003,103.90389251709,57.369,33652223.0,54.91168271,16.36099388,,,,,
KEN,2004,103.729431152344,57.947,34713455.0,55.51027953,16.28078631,,,,,
KEN,2005,103.62956237793,58.51,35796484.0,56.3951405,16.27272838,,,,,
KEN,2006,101.201988220215,59.059,36904008.0,57.46429328,16.30106953,,,,,
KEN,2007,107.582710266113,59.407,38036349.0,58.55063756,16.34251412,,,,,
KEN,2008,107.076469421387,59.955,39206351.0,59.48455643,16.38225452,,,,,
KEN,2009,107.945739746094,60.483,40408891.0,60.49062126,16.41190336,,,,,
KEN,2010,,60.915,41598567.0,61.28276083,16.45442143,,,,,
KEN,2011,,61.283,42758461.0,61.98126671,16.52106695,,,,,
KEN,2012,111.422226680456,61.537,43888303.0,62.61585724,16.61180652,,,,,
KEN,2013,,61.729,44986791.0,63.11575218,16.69894381,,,,,
KEN,2014,107.141220092773,61.99,46051440.0,63.63694431,16.80829427,,,,,
KEN,2015,104.780090332031,62.279,47088526.0,64.29968929,16.92287653,,,,,
KEN,2016,104.114852905273,62.526,48139687.0,65.03249549,17.06351066,,,,,
KEN,2017,101.957891317521,62.725,49197766.0,65.61126491,17.17781897,,,,,
KEN,2018,99.770420205161,62.825,50207107.0,66.06922549,17.27040785,,,,,
KEN,2019,77.5132254988803,62.939,51202827.0,66.50141922,17.37420401,,,,,
KEN,2020,91.9542486020668,61.596,52217334.0,66.79345007,16.65016332,,,,,
KEN,2021,93.7669067632864,61.225,53219166.0,66.76221995,15.82901124,,,,,
KEN,2022,98.551967362001,63.549,54252461.0,,,,,,,
KEN,2023,98.2483475806861,63.646,55339003.0,,,8004.0,15941.0,0.0,0.0,0.0
KEN,2024,,63.834,56432944.0,,,,,,,
KEN,2025,,,57532493.0,,,,,,,
RWA,1960,,47.022,3022294.0,,,,,,,
RWA,1961,,47.458,3106779.0,,,,,,,
RWA,1962,,47.802,3186025.0,,,,,,,
RWA,1963,,43.998,3258890.0,,,,,,,
RWA,1964,,48.131,3334834.0,,,,,,,
RWA,1965,,48.203,3423210.0,,,,,,,
RWA,1966,,48.084,3521626.0,,,,,,,
RWA,1967,,47.987,3629577.0,,,,,,,
RWA,1968,,47.731,3744010.0,,,,,,,
RWA,1969,,47.437,3861271.0,,,,,,,
RWA,1970,,47.116,3980669.0,,,,,,,
RWA,1971,58.2633285522461,46.755,4100044.0,,,,,,,
RWA,1972,55.5703392028809,46.343,4220335.0,,,,,,,
RWA,1973,54.3831901550293,45.944,4345047.0,,,,,,,
RWA,1974,53.6534805297852,45.566,4474228.0,,,,,,,
RWA,1975,51.590389251709,45.324,4607728.0,,,,,,,
RWA,1976,52.782398223877,45.312,4745954.0,,,,,,,
RWA,1977,55.9672203063965,45.579,4888240.0,,,,,,,
RWA,1978,58.3359794616699,46.165,5035171.0,,,,,,,
RWA,1979,63.1865310668945,47.087,5189541.0,,,,,,,
RWA,1980,66.5132064819336,48.122,5353259.0,,,,,,,
RWA,1981,70.833366394043,49.216,5527230.0,,,,,,,
RWA,1982,71.9433898925781,50.188,5711549.0,,,,,,,
RWA,1983,69.1657028198242,50.944,5905311.0,,,,,,,
RWA,1984,67.8666915893555,51.445,6107627.0,,,,,,,
RWA,1985,67.2315979003906,51.704,6317228.0,,,,,,,
RWA,1986,67.9749221801758,51.706,6531881.0,,,,,,,
RWA,1987,70.2523574829102,51.465,6749493.0,,,,,,,
RWA,1988,72.0389709472656,50.914,6968071.0,,,,,,,
RWA,1989,73.0135498046875,49.485,7184706.0,,,,,,,
RWA,1990,71.7930221557617,47.763,7375307.0,,,,,,,
RWA,1991,71.8400268554688,46.243,7526966.0,,,,,,,
RWA,1992,73.6615982055664,44.397,7683266.0,,,,,,,
RWA,1993,,42.937,7981132.0,,,,,,,
RWA,1994,,12.158,6792352.0,,,,,,,
RWA,1995,,41.518,5674118.0,,,,,,,
RWA,1996,,42.486,6708764.0,,,,,,,
RWA,1997,75.3632736206055,41.978,7755238.0,,,,,,,
RWA,1998,78.4076385498047,43.099,8081681.0,,,,,,,
RWA,1999,82.287956237793,45.749,8147912.0,,,,,,,
RWA,2000,118.315727233887,47.798,8213931.0,46.89447249,12.68495851,,,,,
RWA,2001,121.944969177246,49.49,8287094.0,48.33271376,13.15915584,,,,,
RWA,2002,123.550239562988,51.262,8400180.0,50.60960504,13.71811007,,,,,
RWA,2003,123.162269592285,53.529,8586875.0,52.47567981,14.2813218,,,,,
RWA,2004,131.434463500977,55.52,8816844.0,54.65577616,14.87272266,,,,,
RWA,2005,138.091659545898,56.968,9054528.0,57.02758036,15.4572319,,,,,
RWA,2006,148.047485351562,58.342,9299246.0,59.15292023,15.95027852,,,,,
RWA,2007,154.816009521484,59.504,9549933.0,60.82526391,16.3502379,,,,,
RWA,2008,154.724563598633,60.641,9804269.0,62.1374836,16.65516674,,,,,
RWA,2009,156.6142578125,61.813,10060432.0,62.96873523,16.91409415,,,,,
RWA,2010,155.315788762649,62.804,10317553.0,64.20018842,17.09577386,,,,,
RWA,2011,154.129639895033,63.476,10573733.0,65.04603076,17.2495806,,,,,
RWA,2012,153.371821344578,64.189,10829901.0,65.68582887,17.38394741,,,,,
RWA,2013,123.706003554374,64.651,11093340.0,66.2811484,17.48650956,,,,,
RWA,2014,138.315807313314,65.088,11364757.0,66.67115526,17.56936263,,,,,
RWA,2015,137.243191055886,65.419,11640022.0,66.96378175,17.65672349,,,,,
RWA,2016,140.620022753129,65.733,11919183.0,67.17638437,17.74236589,,,,,
RWA,2017,139.309946965821,66.14,12202060.0,67.42986245,17.77397217,,,,,
RWA,2018,137.129353849659,66.354,12487996.0,67.62644841,17.78949847,,,,,
RWA,2019,138.020075127914,66.691,12776103.0,67.75562916,17.8192019,,,,,
RWA,2020,,66.953,13065837.0,68.26351399,17.82591393,,,,,
RWA,2021,151.063571867834,66.85,13355260.0,67.54213882,17.51690866,,,,,
RWA,2022,148.752482099863,67.528,13651030.0,,,,,,,
RWA,2023,151.894816720753,67.785,13954471.0,,,249955.0,18297.0,0.0,1961.0,0.0
RWA,2024,149.572183149389,68.017,14256567.0,,,,,,,
RWA,2025,,,14569341.0,,,,,,,
SOM,1960,,43.543,2876331.0,,,,,,,
SOM,1961,,43.667,2952054.0,,,,,,,
SOM,1962,,43.972,3030091.0,,,,,,,
SOM,1963,,44.194,3110361.0,,,,,,,
SOM,1964,,44.393,3192796.0,,,,,,,
SOM,1965,,44.631,3277874.0,,,,,,,
SOM,1966,,44.843,3365106.0,,,,,,,
SOM,1967,,45.051,3454537.0,,,,,,,
SOM,1968,,45.254,3546590.0,,,,,,,
SOM,1969,,45.453,3641015.0,,,,,,,
SOM,1970,,45.644,3738448.0,,,,,,,
SOM,1971,6.88722991943359,45.837,3837691.0,,,,,,,
SOM,1972,8.04928970336914,46.032,3939436.0,,,,,,,
SOM,1973,10.4305200576782,46.224,4045592.0,,,,,,,
SOM,1974,12.6443700790405,44.259,4151842.0,,,,,,,
SOM,1975,,44.49,4257535.0,,,,,,,
SOM,1976,28.1480903625488,44.727,4365812.0,,,,,,,
SOM,1977,31.8103408813477,47.004,4484050.0,,,,,,,
SOM,1978,30.8904209136963,47.013,4814892.0,,,,,,,
SOM,1979,31.9591293334961,47.405,5449117.0,,,,,,,
SOM,1980,28.7847099304199,47.611,5936154.0,,,,,,,
SOM,1981,21.7250804901123,47.817,5982849.0,,,,,,,
SOM,1982,20.4068298339844,48.02,6003840.0,,,,,,,
SOM,1983,18.569450378418,48.23,6198430.0,,,,,,,
SOM,1984,18.1060009002686,48.438,6428389.0,,,,,,,
SOM,1985,15.6480398178101,48.279,6693289.0,,,,,,,
SOM,1986,13.7810297012329,48.431,6974788.0,,,,,,,
SOM,1987,,49.002,7228302.0,,,,,,,
SOM,1988,,43.933,7235360.0,,,,,,,
SOM,1989,,46.648,7114817.0,,,,,,,
SOM,1990,,46.896,7082811.0,,,,,,,
SOM,1991,,25.418,6813760.0,,,,,,,
SOM,1992,,25.034,6495107.0,,,,,,,
SOM,1993,,50.551,6681399.0,,,,,,,
SOM,1994,,50.303,7026797.0,,,,,,,
SOM,1995,,50.65,7285007.0,,,,,,,
SOM,1996,,50.524,7554474.0,,,,,,,
SOM,1997,,50.278,7824525.0,,,,,,,
SOM,1998,,50.755,8155417.0,,,,,,,
SOM,1999,,50.611,8492059.0,,,,,,,
SOM,2000,,50.747,8838713.0,49.28203144,12.3495523,,,,,
SOM,2001,,50.829,9198493.0,49.32648692,12.4189443,,,,,
SOM,2002,,50.82,9550063.0,49.39676377,12.4863408,,,,,
SOM,2003,,50.721,9909157.0,49.50039991,12.55249828,,,,,
SOM,2004,,50.685,10280998.0,49.44567549,12.60717124,,,,,
SOM,2005,,50.894,10644228.0,49.79233436,12.70319278,,,,,
SOM,2006,,50.915,10975502.0,49.82524247,12.7695699,,,,,
SOM,2007,22.7854194641113,50.885,11322582.0,49.97697257,12.83089325,,,,,
SOM,2008,,51.456,11663084.0,50.31128296,12.89886736,,,,,
SOM,2009,,52.101,11961201.0,50.66979598,12.95209891,,,,,
SOM,2010,,48.9,12261756.0,49.52620758,12.14826035,,,,,
SOM,2011,,32.453,12348830.0,43.81163424,10.08021746,,,,,
SOM,2012,,49.138,12461160.0,50.10797443,12.05205553,,,,,
SOM,2013,,54.016,12869594.0,52.50391976,13.2023075,,,,,
SOM,2014,,54.442,13339491.0,53.08816189,13.26105494,,,,,
SOM,2015,,55.056,13806963.0,53.54338351,13.31078064,,,,,
SOM,2016,,55.283,14348740.0,53.9446075,13.35633655,,,,,
SOM,2017,,52.19,14916629.0,54.18246164,13.40024831,,,,,
SOM,2018,,54.767,15452487.0,54.6726292,13.4528206,,,,,
SOM,2019,,57.249,16030971.0,55.21397342,13.51782236,,,,,
SOM,2020,,57.095,16651191.0,55.12925544,12.88583999,,,,,
SOM,2021,,55.703,17271431.0,53.95143945,12.32804856,,,,,
SOM,2022,,53.931,17801897.0,,,,,,,
SOM,2023,20.9155502319336,58.816,18358615.0,,,842044.0,179224.0,3860099.0,1876.0,0.0
SOM,2024,,58.967,19009151.0,,,,,,,
SOM,2025,,,19654739.0,,,,,,,
SSD,1960,,28.054,2931559.0,,,,,,,
SSD,1961,,28.278,2976724.0,,,,,,,
SSD,1962,,28.506,3024308.0,,,,,,,
SSD,1963,,28.249,3072669.0,,,,,,,
SSD,1964,,32.458,3129918.0,,,,,,,
SSD,1965,,28.781,3189835.0,,,,,,,
SSD,1966,,25.633,3236423.0,,,,,,,
SSD,1967,,25.858,3277648.0,,,,,,,
SSD,1968,,26.103,3321528.0,,,,,,,
SSD,1969,,25.396,3365533.0,,,,,,,
SSD,1970,,25.632,3409614.0,,,,,,,
SSD,1971,,30.993,3468646.0,,,,,,,
SSD,1972,,31.291,3542497.0,,,,,,,
SSD,1973,,36.277,3627383.0,,,,,,,
SSD,1974,,36.589,3723259.0,,,,,,,
SSD,1975,,36.867,3821494.0,,,,,,,
SSD,1976,,37.092,3921910.0,,,,,,,
SSD,1977,,37.397,4024032.0,,,,,,,
SSD,1978,,37.592,4127657.0,,,,,,,
SSD,1979,,37.805,4232605.0,,,,,,,
SSD,1980,,38.034,4339030.0,,,,,,,
SSD,1981,,38.313,4447272.0,,,,,,,
SSD,1982,,38.677,4557686.0,,,,,,,
SSD,1983,,34.733,4661574.0,,,,,,,
SSD,1984,,31.788,4750627.0,,,,,,,
SSD,1985,,32.36,4834296.0,,,,,,,
SSD,1986,,32.816,4921240.0,,,,,,,
SSD,1987,,20.721,4962395.0,,,,,,,
SSD,1988,,10.989,4848029.0,,,,,,,
SSD,1989,,28.217,4713229.0,,,,,,,
SSD,1990,,28.628,4737633.0,,,,,,,
SSD,1991,,29.185,4836677.0,,,,,,,
SSD,1992,,21.938,4909749.0,,,,,,,
SSD,1993,,22.263,4956002.0,,,,,,,
SSD,1994,,44.858,5071184.0,,,,,,,
SSD,1995,,31.51,5225836.0,,,,,,,
SSD,1996,,32.124,5356925.0,,,,,,,
SSD,1997,,33.068,5509136.0,,,,,,,
SSD,1998,,19.048,5620068.0,,,,,,,
SSD,1999,,44.537,5771628.0,,,,,,,
SSD,2000,,47.591,6032267.0,51.90046634,15.22866015,,,,,
SSD,2001,,48.55,6308391.0,52.94166517,15.34800166,,,,,
SSD,2002,,49.394,6596806.0,53.71928707,15.43544846,,,,,
SSD,2003,,52.324,6903127.0,54.40318481,15.50599478,,,,,
SSD,2004,,53.052,7233041.0,55.24391875,15.58291476,,,,,
SSD,2005,,53.965,7590143.0,55.89935062,15.67768983,,,,,
SSD,2006,,54.653,7976526.0,56.35280945,15.73690406,,,,,
SSD,2007,,55.425,8388788.0,57.0352965,15.83044484,,,,,
SSD,2008,,56.28,8817647.0,57.67870573,15.89707131,,,,,
SSD,2009,,56.848,9243556.0,57.82228027,15.95262335,,,,,
SSD,2010,,57.485,9745953.0,58.75152485,16.04957035,,,,,
SSD,2011,90.4091110229492,57.674,10288109.0,58.95406766,16.0973915,,,,,
SSD,2012,,58.241,10756240.0,59.31057362,16.03260842,,,,,
SSD,2013,,58.285,11166275.0,59.03400442,15.96542309,,,,,
SSD,2014,,45.625,11235073.0,59.09264997,15.96004771,,,,,
SSD,2015,70.3178024291992,39.757,11107561.0,59.27637583,15.94909827,,,,,
SSD,2016,,36.72,10830102.0,59.18616055,15.85727311,,,,,
SSD,2017,,35.351,10259154.0,58.88284459,15.77458429,,,,,
SSD,2018,,51.905,10122977.0,58.86129412,15.67875498,,,,,
SSD,2019,,58.129,10423384.0,58.99663561,15.59797593,,,,,
SSD,2020,,57.648,10698467.0,58.94518456,15.11599491,,,,,
SSD,2021,,57.047,10865780.0,58.57353884,15.07478943,,,,,
SSD,2022,,57.203,11021177.0,,,,,,,
SSD,2023,,57.617,11483374.0,,,2292482.0,24596.0,1236672.0,527206.0,0.0
SSD,2024,98.4412384033203,57.738,11943408.0,,,,,,,
SSD,2025,,,12188788.0,,,,,,,
TZA,1960,,42.596,9901419.0,,,,,,,
TZA,1961,,42.841,10187886.0,,,,,,,
TZA,1962,,43.215,10487756.0,,,,,,,
TZA,1963,,43.616,10799528.0,,,,,,,
TZA,1964,,44.075,11127826.0,,,,,,,
TZA,1965,,44.542,11470728.0,,,,,,,
TZA,1966,,44.941,11827459.0,,,,,,,
TZA,1967,,45.163,12200109.0,,,,,,,
TZA,1968,,45.626,12602076.0,,,,,,,
TZA,1969,,46.043,13036700.0,,,,,,,
TZA,1970,35.7577209472656,46.495,13492677.0,,,,,,,
TZA,1971,37.1833000183105,46.972,13971451.0,,,,,,,
TZA,1972,39.6385803222656,47.436,14479308.0,,,,,,,
TZA,1973,42.3698310852051,47.912,15010101.0,,,,,,,
TZA,1974,45.6685981750488,48.422,15561630.0,,,,,,,
TZA,1975,55.5494918823242,48.922,16138361.0,,,,,,,
TZA,1976,65.5550079345703,49.459,16736211.0,,,,,,,
TZA,1977,73.3651962280273,49.969,17352929.0,,,,,,,
TZA,1978,92.6961822509766,50.351,17976566.0,,,,,,,
TZA,1979,95.2077789306641,50.791,18592038.0,,,,,,,
TZA,1980,95.434928894043,51.272,19189769.0,,,,,,,
TZA,1981,96.0772476196289,51.703,19784703.0,,,,,,,
TZA,1982,91.3561172485352,51.99,20398571.0,,,,,,,
TZA,1983,88.8301010131836,52.178,21079874.0,,,,,,,
TZA,1984,83.5062484741211,52.151,21779066.0,,,,,,,
TZA,1985,73.0131378173828,52.184,22501693.0,,,,,,,
TZA,1986,70.0377502441406,52.207,23258959.0,,,,,,,
TZA,1987,67.7716064453125,52.182,24030378.0,,,,,,,
TZA,1988,65.7355804443359,52.224,24769686.0,,,,,,,
TZA,1989,65.9580383300781,52.09,25438759.0,,,,,,,
TZA,1990,66.7098770141602,51.985,26110207.0,,,,,,,
TZA,1991,67.6530685424805,51.837,26780436.0,,,,,,,
TZA,1992,67.8285980224609,51.432,27457588.0,,,,,,,
TZA,1993,68.8042526245117,51.215,28332692.0,,,,,,,
TZA,1994,68.3502197265625,51.077,29442356.0,,,,,,,
TZA,1995,68.2438812255859,51.005,30383497.0,,,,,,,
TZA,1996,67.9035873413086,51.132,30945762.0,,,,,,,
TZA,1997,68.5283508300781,51.246,31578089.0,,,,,,,
TZA,1998,66.8706817626953,51.807,32420458.0,,,,,,,
TZA,1999,67.8792419433594,52.399,33300330.0,,,,,,,
TZA,2000,69.492431640625,53.244,34260139.0,52.79227334,15.42862758,,,,,
TZA,2001,75.7181167602539,54.124,35198299.0,53.52029055,15.60307643,,,,,
TZA,2002,90.610237121582,54.94,36121304.0,54.24829544,15.76360416,,,,,
TZA,2003,96.8610763549805,55.929,37089555.0,54.98804057,15.89367927,,,,,
TZA,2004,101.592483520508,56.836,38109668.0,55.69111865,16.00159028,,,,,
TZA,2005,105.037376403809,57.675,39182076.0,56.55203228,16.11577704,,,,,
TZA,2006,107.455772399902,58.512,40294902.0,57.81812716,16.29563794,,,,,
TZA,2007,108.751991271973,59.26,41435512.0,59.37881257,16.5314954,,,,,
TZA,2008,109.176727294922,59.896,42570728.0,60.43730538,16.73212711,,,,,
TZA,2009,103.463706970215,60.494,43633982.0,61.03787589,16.87329072,,,,,
TZA,2010,100.14820098877,61.127,44758488.0,61.6819464,17.03272374,,,,,
TZA,2011,95.0884666333147,61.618,46029367.0,62.26370092,17.22284578,,,,,
TZA,2012,91.9735025482608,62.286,47374260.0,63.07821297,17.39349655,,,,,
TZA,2013,88.8300914467545,62.788,48824128.0,64.03254511,17.53716878,,,,,
TZA,2014,85.9364790514687,63.364,50351512.0,64.69269786,17.64696434,,,,,
TZA,2015,84.2207717895508,63.928,52020962.0,65.15719683,17.71305883,,,,,
TZA,2016,85.2800976460579,64.404,53824013.0,65.60342077,17.81838992,,,,,
TZA,2017,89.5967210005503,64.963,55652890.0,65.98183854,17.91340942,,,,,
TZA,2018,94.9840282240997,65.488,57437145.0,66.39625941,17.99634623,,,,,
TZA,2019,97.6456520812412,66.007,59174891.0,66.78631383,18.05464667,,,,,
TZA,2020,98.5753622403869,66.771,60972798.0,67.40275668,18.03812738,,,,,
TZA,2021,98.6999541804178,66.131,62830412.0,66.8101483,17.67319117,,,,,
TZA,2022,90.6152672281358,66.879,64711821.0,,,,,,,
TZA,2023,95.6409804093201,66.995,66617606.0,,,,,,,
TZA,2024,92.6902654262381,67.212,68560157.0,,,,,,,
TZA,2025,,,70545865.0,,,,,,,
UGA,1960,,45.633,7640973.0,,,,,,,
UGA,1961,,46.271,7862217.0,,,,,,,
UGA,1962,,46.821,8092231.0,,,,,,,
UGA,1963,,47.378,8333663.0,,,,,,,
UGA,1964,,47.846,8586363.0,,,,,,,
UGA,1965,,48.303,8849203.0,,,,,,,
UGA,1966,,48.463,9122864.0,,,,,,,
UGA,1967,,49.006,9408924.0,,,,,,,
UGA,1968,,49.285,9708632.0,,,,,,,
UGA,1969,,49.505,10014858.0,,,,,,,
UGA,1970,36.8144111633301,49.621,10321603.0,,,,,,,
UGA,1971,38.9295616149902,47.147,10618206.0,,,,,,,
UGA,1972,37.3492813110352,47.162,10885796.0,,,,,,,
UGA,1973,37.7401390075684,46.992,11144236.0,,,,,,,
UGA,1974,39.4649696350098,46.861,11424846.0,,,,,,,
UGA,1975,42.3604583740234,46.517,11725240.0,,,,,,,
UGA,1976,43.7112312316895,46.169,12037294.0,,,,,,,
UGA,1977,46.521671295166,45.84,12359669.0,,,,,,,
UGA,1978,47.816520690918,45.596,12692113.0,,,,,,,
UGA,1979,46.9309387207031,45.385,13002163.0,,,,,,,
UGA,1980,48.5673408508301,43.453,13275741.0,,,,,,,
UGA,1981,51.172191619873,43.456,13556452.0,,,,,,,
UGA,1982,57.3769989013672,43.309,13873631.0,,,,,,,
UGA,1983,59.9551200866699,43.489,14221881.0,,,,,,,
UGA,1984,65.3844909667969,43.706,14607677.0,,,,,,,
UGA,1985,70.1265335083008,45.496,15023681.0,,,,,,,
UGA,1986,71.3322906494141,45.651,15467579.0,,,,,,,
UGA,1987,72.9804000854492,47.36,15954170.0,,,,,,,
UGA,1988,74.4516296386719,47.476,16470483.0,,,,,,,
UGA,1989,70.9636535644531,47.488,17010698.0,,,,,,,
UGA,1990,71.945068359375,47.561,17569897.0,,,,,,,
UGA,1991,72.7517013549805,47.549,18155901.0,,,,,,,
UGA,1992,65.5340118408203,47.671,18785032.0,,,,,,,
UGA,1993,70.19970703125,47.681,19445161.0,,,,,,,
UGA,1994,70.2334213256836,47.675,20108801.0,,,,,,,
UGA,1995,70.3320236206055,47.706,20665667.0,,,,,,,
UGA,1996,71.2086181640625,47.759,21231550.0,,,,,,,
UGA,1997,118.066772460938,48.026,21856046.0,,,,,,,
UGA,1998,124.29158782959,48.263,22515806.0,,,,,,,
UGA,1999,129.493148803711,48.977,23257281.0,,,,,,,
UGA,2000,130.160614013672,49.64,24000150.0,48.8900405,13.92565394,,,,,
UGA,2001,132.115478515625,50.576,24745676.0,49.78388659,14.05574831,,,,,
UGA,2002,135.938568115234,51.443,25532870.0,50.65046911,14.23595451,,,,,
UGA,2003,136.626251220703,52.414,26352124.0,51.68238982,14.46529598,,,,,
UGA,2004,127.906692504883,53.699,27154515.0,53.13418916,14.7660439,,,,,
UGA,2005,121.473258972168,54.926,27963289.0,54.81013228,15.13814579,,,,,
UGA,2006,120.099899291992,56.118,28794003.0,55.99216305,15.48251621,,,,,
UGA,2007,119.325012207031,57.248,29653430.0,56.83050321,15.77201879,,,,,
UGA,2008,122.437309265137,58.253,30539553.0,57.97310088,16.07026931,,,,,
UGA,2009,123.943656921387,59.157,31451151.0,59.05814244,16.33330654,,,,,
UGA,2010,121.312210083008,59.959,32390802.0,59.96020545,16.53057072,,,,,
UGA,2011,113.871620178223,60.791,33354543.0,60.87012607,16.77706099,,,,,
UGA,2012,113.70002746582,61.579,34337438.0,61.8009059,16.98290922,,,,,
UGA,2013,112.329948425293,62.353,35337042.0,62.71779853,17.1133266,,,,,
UGA,2014,,63.057,36395539.0,63.49406001,17.24131818,,,,,
UGA,2015,104.249229431152,63.831,37531446.0,64.2155816,17.32535295,,,,,
UGA,2016,106.540283203125,64.494,38799152.0,64.67477151,17.38550823,,,,,
UGA,2017,106.169578552246,65.174,40177388.0,65.21733648,17.53303275,,,,,
UGA,2018,,65.775,41565831.0,65.71888649,17.63259211,,,,,
UGA,2019,,66.354,42999637.0,66.0878394,17.69688518,,,,,
UGA,2020,,66.41,44457152.0,66.29850916,17.3299693,,,,,
UGA,2021,,66.45,45910930.0,65.98577935,17.32266251,,,,,
UGA,2022,,67.675,47312719.0,,,,,,,
UGA,2023,,68.252,48656601.0,,,8376.0,14989.0,0.0,0.0,0.0
UGA,2024,,68.487,50015092.0,,,,,,,
UGA,2025,,,51384894.0,,,,,,,
